Id,Цена продажи
15705,515.83538592644
17659,948.833187336792
1934,462.65922379166
7146,905.803873849561
19841,795.986648995053
15401,1370.46343458218
12128,463.331856141356
18536,839.827508755211
4414,646.660585227517
12286,404.176612594084
5390,576.59976120187
18120,1328.40923131474
20598,718.733411306654
457,986.496457792999
18951,624.842538198431
3234,403.923846996849
1334,831.275415626326
18957,870.925445631569
17481,857.442723681232
10175,665.779782617663
15678,564.055198818341
3400,779.479719117374
12746,479.467791023237
8796,1111.057668217
1244,773.080483242608
15066,460.912283875971
21,1497.5217322586
10017,452.084077406178
9648,661.29657166809
12184,814.478616288078
4927,687.769106869765
18339,819.89808627564
3510,765.138529463132
18714,505.902554147971
9596,949.369944258087
6442,554.076353337888
13787,1172.96284673261
16019,627.772100240248
9762,538.876998056706
21523,783.068834479017
20308,497.810853723723
2556,218.462036263972
8868,266.759096847783
21444,440.240039440104
7144,808.772977444306
1611,428.037764405998
4475,962.254260222297
11888,1008.86897133137
4358,437.83643467013
5926,945.409253371579
14092,573.593486381628
3636,580.277720765785
6737,301.076125674798
11583,751.719627925912
18541,667.709272636975
3731,693.736846976419
12277,1088.08556480299
17570,1211.86708706618
1536,869.26410247427
13203,1267.49501924516
7157,604.549518951394
4802,426.122140227715
7684,496.745306059024
3403,580.446797193133
4920,383.147551179447
8196,1080.90311532149
14105,175.257279423292
11576,939.86037076784
21139,245.561243775131
2048,588.832214585705
8342,150.958581203645
9176,1571.2719514187
18124,443.257395040408
6153,1171.09317078314
108,1016.83876124826
20560,1138.83796505052
15757,467.791488701822
19738,184.073192144093
6060,1006.6524054954
5728,653.192408159305
16603,225.593516648549
9749,933.968654411212
16979,629.157264046781
5679,909.656406599515
8205,262.402305257026
10487,579.325626545423
1370,358.931900759998
9938,789.128281616048
6928,532.028904236533
18964,732.151213744211
10074,276.585967373563
10661,198.482358625516
15378,537.322282148192
2581,500.396796850681
13580,892.687180753312
21434,519.035428962335
2165,361.398018716156
1854,425.262587988433
15262,748.850092231989
19466,890.141516651875
10467,779.48170623007
9669,719.362547937441
14210,751.568739771147
7294,172.19808993385
3110,879.541842609146
18490,868.889247278337
2416,245.219969410746
8132,352.254977641799
1511,370.025401244316
1296,809.80101064162
4560,397.693074221384
11005,805.203199884859
1679,783.497644914667
14212,1100.72479513486
4413,1157.87559600288
6360,1181.33480605019
14238,546.748132416708
759,917.484602795229
16452,572.406164610344
3443,500.490093741566
6553,499.876359566007
18749,393.049976005446
21170,525.737055958086
3569,771.30933633194
20114,853.860732822554
18008,505.216919333546
694,892.409285394275
8884,256.107657555606
17676,560.896558029704
17086,563.621752843786
18438,676.114710773599
6820,264.239582161566
9916,704.202583058162
20356,176.078345346164
17325,856.424266954034
4262,286.580450666271
21066,964.633370361755
600,429.764427043815
4890,527.303059900538
19701,587.173655202989
3244,269.758341005514
13753,347.672606280918
13160,371.736992460595
10168,621.925303996223
19871,769.437518835388
12289,360.027739694903
19342,803.661727644228
20757,605.554413166614
14912,528.878250104432
15913,383.606016917234
7151,356.306221991555
12554,695.469000195999
11895,625.728171915034
7168,823.966623981635
1490,728.862460021473
14507,713.042441717126
13442,461.625414030397
21283,1548.17038771246
10909,627.371898427297
2911,214.754033383228
8602,960.580421764536
19816,1037.22744994464
13944,399.674938091685
3029,844.592014696737
15316,661.649326981898
9948,881.820767746132
18150,548.628039931412
11056,275.40191256685
1747,702.69892749141
13863,663.542521721646
11509,231.206899334518
1791,788.182734310095
16395,293.57993767361
17539,841.861650901855
3315,324.679036291479
17720,525.571474948799
14259,395.019249811783
13974,1039.68095571777
8206,523.185568955715
16580,1369.43166317877
20962,237.414875943578
7682,491.862462023923
11515,768.440894174365
16129,663.682827184388
3963,433.930371436542
5167,717.17002395483
11462,389.804038992815
12016,1224.27800295979
3089,506.417251670608
1156,252.669879793669
19957,574.586612267364
21079,315.573657326826
2327,917.671672540702
14765,1016.36850987779
762,243.200912022335
9467,699.725874756076
16152,200.425457761212
4675,791.779342755287
8105,181.700347859014
4106,1400.29744822269
8121,288.516127862957
17369,392.13173327915
12364,1013.04619999952
9310,748.403134815398
7732,426.576322240243
8306,746.101689885885
11933,451.774861060961
15179,501.280675548891
20821,853.539620695425
10060,782.825387759618
2086,420.363544633387
21358,779.205024491856
2753,646.579636558419
19267,475.096082946498
8846,159.098167038656
4846,595.020069060228
13696,482.523714007531
19575,928.145297304126
10822,623.831298008327
12971,692.296281215363
13778,1188.31624064905
13760,742.371934428928
11816,356.929082207947
9903,1059.56811282352
13839,612.625820019271
21536,320.25974193009
10018,268.451937001741
8078,408.998199748394
20732,1143.70643823263
11187,684.285782556734
8776,770.404214183555
9309,495.644308988909
2657,1160.25799558396
7710,1226.34154701833
11996,323.039606763636
7954,357.667281393243
18316,927.495838223063
10711,570.27006401755
20112,383.502185465775
18247,634.560717447655
5956,668.822965170492
1506,877.944845229826
13642,885.996849180459
6938,658.406919543896
17724,609.412916061441
4374,287.974362733877
13973,409.187366570362
21582,354.043202995796
11352,1321.97879323561
7134,657.20167069486
20895,1008.04585378
4493,479.582168352245
4536,359.83037232757
9908,824.532454572583
2773,659.468212446025
330,1075.6545984594
12343,615.199833803207
11814,341.283148503581
4129,501.580160427386
14413,735.502032512927
11266,980.530171401521
12272,611.957035313544
17136,491.826171491457
11600,195.611238466941
11241,750.502614376283
21113,382.707268066575
21160,485.84631516444
7286,770.652728731448
2989,471.12578292166
5823,642.97279496971
11731,250.528944733398
3326,1184.46814536132
650,238.661384414276
15045,962.758562238781
4776,925.350521482212
3549,891.683291940804
9683,466.063041004818
8701,347.218531197112
613,812.084513974051
3642,698.531529026733
3705,343.817465159856
14096,1327.2912513452
15399,696.570059967702
864,557.787287925798
15369,969.516873603675
5253,699.928372135708
2363,346.915197174545
7290,544.689892578675
6126,1009.88393615355
11299,827.039134045586
6534,384.834648538298
3385,1265.55472548497
16510,471.675733600019
11876,1272.45941647719
16747,655.753167823037
4198,455.53226744367
5565,881.759694239234
1961,487.467522118925
11713,310.580851292355
10945,313.190211706149
15229,1356.06922764657
19917,926.251377533283
6552,462.228506468875
2095,771.655028026074
3877,407.937933870644
14888,634.175144305463
14640,232.889797404146
5066,579.924968106426
5472,557.722685062791
11779,1148.51392321804
11248,465.875987579551
3228,1289.83574713156
649,357.800719851418
21059,928.533612704662
7441,722.655742049984
9307,540.921576600587
2722,412.678195904789
17713,912.933406484395
11754,340.098341200425
18372,529.928700164441
14544,543.230240342345
18500,459.138851003729
8262,352.839210664614
20590,935.242010549093
8127,486.889210851475
16683,762.502487406148
16928,1292.56982977412
18753,500.857278791702
11604,574.124889985559
2662,732.269931411352
12408,384.041619197917
18773,375.650845700433
17821,532.533017563774
7388,559.195694213895
4392,537.663473434183
703,553.431793731387
11694,380.625823002436
5119,124.34263951406
20855,287.675682977969
3973,723.554660137555
14351,373.731781232789
810,320.867671222993
7354,309.431447326258
18156,668.065685931796
15610,348.791680643784
9844,796.041015051799
20259,481.858063852994
20514,187.347371163482
18558,336.362343548739
4220,1322.16909161746
14595,1111.32425538532
6768,1045.25746575344
8041,1248.26280618156
3183,389.289511120281
6590,712.491531897855
13238,831.921516909608
19418,606.381744886318
12502,1055.10243824057
17009,214.865726460466
6181,492.809191121952
5055,664.630812770843
19442,823.961281291509
10858,620.644508717965
1452,416.092643124887
18389,710.435041109377
1408,624.31499690031
14502,1276.4938489727
14424,965.496864066026
19554,1694.92294180919
3494,771.050179733842
11740,774.990732725725
1441,373.908740082178
3908,731.140258553083
4343,393.445376653523
588,718.549510931625
7764,661.337801002057
19883,431.361044451506
18026,568.105159671769
6298,675.189858963878
13019,236.603833906767
4241,829.199252282311
18168,333.520132116843
10956,283.674937591445
7349,564.767117278953
9127,500.080017572256
5527,178.432412614473
15418,394.540143449646
5052,381.336049487304
3978,904.670694171593
4064,544.890256002059
1849,690.713330747102
16376,917.253035435542
16635,752.920546723288
5426,1365.50426678165
16939,533.699723911649
3488,403.85454888045
18693,457.184169604309
4500,508.634257671138
19591,446.705691702521
12531,812.36038906851
8235,728.800667485803
1135,618.308440365794
2026,378.896858384283
17789,531.197973924589
18778,473.885560848339
18737,832.0181387684
494,401.181307597604
5143,652.175997008084
6875,265.398801807756
21452,369.028278763648
7171,716.062881411323
3786,426.904952284067
1584,699.171823818352
10224,531.768436949233
17404,173.853955733264
21501,1311.83716835534
17357,723.903197704304
16605,1088.29855242003
9612,956.695878643642
4281,507.502823787005
4881,436.617950492217
11682,446.76749206719
8587,565.694835403419
17351,486.010592193508
1697,893.992961808912
8663,553.405946543253
12173,359.534436631562
15089,606.681780868224
18186,463.720027934074
15350,952.413049666576
12678,574.380119410154
5878,670.845536371905
1270,752.816639456168
19231,1832.75190367001
8227,1520.09751019189
15917,766.058621641953
20518,930.344585757783
7342,352.478192962026
21048,730.566710744852
11923,763.6538940851
12590,676.889816941934
9442,671.249519666416
14236,893.379972308251
5266,1087.56727838943
2705,334.095120880411
16918,868.960433973836
10064,394.062469184792
6964,355.350706824344
18868,917.450463308553
7835,1069.28388464809
2134,460.346576136943
2585,726.437481839472
21280,582.522839788112
9713,1259.5447575342
9350,639.767486815249
3563,535.452353486152
7086,429.320925584661
17849,703.88697023575
5355,1054.79268839479
11473,513.105983228304
9829,547.265210567224
8946,401.662619697412
4137,404.92049125646
18644,520.366598691537
1290,745.671528299054
2604,523.344769931002
11413,1274.19670900216
5916,363.840904210982
13171,557.602555377302
15343,919.266364080151
15294,418.003621576388
4235,1049.26985059026
14186,770.993779543785
19813,785.731958591217
14836,548.922303215472
9449,1336.94396667234
16717,793.536250978797
8623,157.683594802584
14565,1101.03513844376
17190,372.527578920511
5549,830.229782450215
20180,944.665148963582
9889,705.404772860793
4084,283.670599566084
6395,250.284188206308
17897,1441.6475049946
8991,327.99953040847
13560,691.489254133625
18060,711.690037042008
1491,593.324449536184
20972,798.605478433108
9977,620.475968545244
2318,557.125553298865
3309,375.989052149294
6436,915.284514941511
17608,962.785639243123
1538,495.136367868134
5200,812.193821122765
20013,92.4039918802982
14183,374.130984205817
4911,659.732510575343
1385,880.541574203444
8419,609.592803378319
9775,1084.68685439532
8874,519.650032220942
19398,693.442094552752
9214,726.633949352507
7810,504.112535029204
20589,715.15218003963
8584,505.236318995227
18274,848.713894607065
1637,362.738677882718
14768,332.732332031368
16234,521.81283883393
6129,717.41657727526
10558,597.547418440911
8810,650.905930788332
19851,854.821542742254
12208,480.490014511087
9556,1144.52501290855
18925,564.075286812149
20549,1115.33668100935
20841,1738.88662133976
11635,526.360715360579
19118,308.08934582321
17986,579.190920714504
20748,720.845215164793
15391,963.3497655791
2408,1002.84021235854
20602,936.33764970099
6556,205.041176715701
7230,561.141799727571
1304,431.198988676805
20642,342.831146246411
5573,431.875837109217
11503,714.679068529702
11273,281.690592308759
9625,570.903201913042
1000,750.103794262966
11400,588.38318978487
7629,289.350513102278
1843,798.655990413609
12491,674.808672797707
1450,381.994717349547
10249,788.759235207227
20214,786.465610974744
14368,581.00320337314
6073,848.793714366141
8873,342.003530743723
17880,530.633140604226
815,725.786671506437
3838,423.179344232094
12615,822.018328423707
3471,766.037241353695
11120,736.05927241683
18351,496.316395780094
10523,385.449765449558
10336,959.590483479486
9259,654.235939085671
12808,612.822690888913
10720,1277.46572229854
3273,503.039686760147
3818,448.101063054141
13996,249.239749442541
4958,508.484366172693
17115,190.193719773175
9584,505.6183765411
2845,1443.25604209564
15002,897.615540023618
296,281.357631568722
18915,308.349793538126
14478,272.644909520529
15816,240.68148728956
3697,782.554651039024
15447,280.260359161321
19457,316.264665410755
9391,243.789650969003
10385,2093.99137222325
21567,525.594726854593
11728,1370.59113223333
10022,633.338871868094
11274,374.062815533595
12430,335.378880110045
13701,575.702118025942
11848,737.091253647633
16938,313.663338521387
16731,464.398892884361
17783,278.234458183842
11722,610.164513541078
5385,344.353802014476
9130,1277.95877849851
500,962.991532674908
5011,601.666628816472
16390,818.853965272956
6974,479.948469248767
1762,705.902310766491
5117,1778.32560428214
12478,729.195615700644
6244,684.636903565702
7842,391.362543029717
7334,577.289899823744
1022,269.284503321072
17756,1643.16832718272
3292,1211.95440006624
10593,977.487603774708
1246,1356.86385239695
4373,190.730595049386
16115,860.172154192803
5654,170.981307830035
363,486.560012886991
16671,484.583706093821
6258,795.444683005467
13723,917.45609537519
12003,764.141103303682
7449,673.505508818131
15397,608.520332833376
2520,663.683876472687
3944,532.544189764192
10402,620.80196158513
20354,720.1038790718
7404,1299.99342660564
20711,498.487592925525
13049,492.03097152083
20551,400.708513367266
6523,770.738685824842
4812,253.188614736746
21031,505.782911458992
20384,460.60134429133
15547,823.619778010391
676,414.340947075865
1992,949.487103307558
18928,587.915679518794
20777,264.561350908392
5670,748.54932969713
15901,452.330345794134
19801,367.656057042116
11402,1582.5209524547
4315,1269.64541262253
2293,445.783625222336
6301,315.956488636059
19214,701.363677465199
3867,821.030569153004
18738,288.000705905622
12129,834.065719777967
724,498.055480568625
10779,561.825883335755
17012,1363.1827857621
12616,264.385954577018
13523,453.476987400924
21295,330.903523329583
7351,446.726589466273
3744,732.797679096329
17721,1023.21005684134
10122,936.979802051346
7246,266.730221914289
12161,583.021203419539
2407,1217.36864890708
8434,542.236256597332
1238,770.050513244971
8748,277.29533350529
3145,446.014630952065
14917,402.842701613118
10419,513.475088806272
9797,925.880805775182
19571,787.993273424501
1616,378.487571454509
12282,463.447644360367
14516,478.596770113157
4563,289.405730764049
9065,620.110871482014
5557,794.094515624238
8181,592.51943618532
20662,575.703615680553
12077,694.247886945226
18494,665.830692438498
10745,473.743748074866
7925,568.811054979187
13619,545.415230922422
8329,1564.57895911736
18707,476.973284814429
320,719.89712888326
20974,594.818810026916
11855,1481.10490689586
11606,1434.17591350927
11275,700.327631903227
14798,1290.04524442549
6480,382.60567878353
17886,268.69128626069
7529,747.792013384419
17819,584.558475083958
20847,826.801674009256
5992,376.853569188741
9963,162.433854399634
20010,1847.28155330255
4885,444.790354757723
8730,636.495950878676
17684,497.084721000703
1759,791.105081022008
16364,1028.44563731355
11470,718.517540299332
3998,417.773722832502
20366,607.293063143382
13438,908.529578507872
1705,386.04023119842
7598,357.268205018135
14754,529.472332862239
18210,538.932933655572
5324,507.382700811638
1690,681.155066843801
916,374.644476247486
15525,503.453839772962
10401,661.510560558341
10997,366.971760696145
6598,544.717608785383
19642,546.755405883881
3455,893.615954927452
12403,266.300322752307
12650,1044.63469784624
19047,508.158564989535
3665,214.22166199881
8148,1784.5551362064
7778,290.358803543295
17642,586.045422379203
18594,2210.2586181196
12561,1324.07911533994
12098,236.769726932553
6943,665.015388431264
7206,836.174056136785
1817,1316.05750529985
1859,606.797111755592
9696,317.863768941601
19721,976.370639992868
20221,342.165908108132
21179,874.262309075857
6877,431.567402566776
4323,556.454102215072
205,737.410969575636
593,424.364367318311
8294,902.037821425782
1342,921.964718357699
8220,186.121043305388
1136,335.741670952216
11101,361.64283108385
5095,657.776617887065
3913,335.309690949888
9008,286.44337624335
9952,506.833196462089
13451,550.317829341219
16597,767.663895759813
4708,406.423657806164
4597,460.055025097524
12154,576.738621414204
8779,791.206860569099
7368,869.837783259384
14396,817.701478880496
337,673.82258692457
20875,782.791649434356
16703,371.992588568884
11087,1344.32109430481
3352,877.33017185625
1683,697.701278387989
1982,829.30850742969
3432,214.924620869667
7521,530.153352477044
14849,497.538434096487
12841,439.399236204017
17910,528.344140868925
1623,425.362737689968
1293,343.914196440614
2798,502.052459034582
19303,692.383837385279
13077,445.52414516065
20237,1061.72613719399
6383,889.267892058298
7343,1475.48201230241
18950,475.650792233245
19237,450.839833781221
12442,356.10399969738
12527,748.581598214816
12062,530.07367550145
13655,238.067101363509
20466,810.136727755928
11870,1079.12658494271
11793,305.964668267482
17419,298.646346072931
3013,179.683355454049
14394,862.93684784587
16321,384.01356000787
12855,808.277194920873
13243,868.266844346939
2210,1003.00498647481
7672,576.384749861088
9506,578.25205610851
2359,519.270594612462
19777,1707.99902275127
148,487.77713209217
19618,397.425033565663
16194,305.802260434376
11789,289.372648701503
7367,395.229605064521
10826,562.135427797705
4599,1330.72629775247
959,541.173486249721
10461,380.67812202576
14668,685.653522472878
19219,373.491131529795
19619,1063.62707662677
21250,710.746554874363
20960,338.393037527951
14625,1009.56441912028
20643,1053.00943543824
15971,660.025525810027
11062,572.752085603268
120,986.390412770101
15657,536.494175893871
14032,2554.03337632125
20509,655.448736070385
9909,502.776119330953
18674,638.865528449393
20395,301.219708052031
16134,581.608842875027
19693,825.15154568159
20532,450.822259578714
21045,835.052155690775
19413,324.170074687602
312,1727.96757386441
9912,587.380416964787
11448,722.133673817505
13061,607.428878222652
3164,486.251471403359
10626,311.754179244835
6275,864.989064610692
18764,899.934479330896
3268,647.745055152356
11884,334.446859666889
16186,414.031657049991
6609,812.814523193489
16847,944.066506068134
17091,280.781041239208
16312,314.104931650093
18664,575.185404872112
14011,1011.33514441342
4212,727.717961738529
14314,750.225942012365
15672,581.494163374369
5400,548.129310156805
2182,646.319558347385
7700,1799.93630879186
6063,500.075876178925
14018,468.575840494411
88,631.741608677343
14227,564.480947227678
9238,681.223810530723
10700,329.709326535677
9640,621.147178883026
6700,703.804058301435
18350,785.773244270389
6522,711.369632537193
5765,759.423097007743
16693,391.497302886595
20325,1833.71692884386
15013,495.203507033147
3716,400.401412866692
10879,655.996701327797
5249,228.431667687837
15315,588.932993978305
18833,699.020901428603
278,579.186795605221
3511,304.554955333157
1312,773.769370617057
19703,703.214550651686
4781,785.35972885829
14612,645.047521521879
4408,1189.22727433162
21573,921.053224682721
20262,993.57490035402
20243,429.460568356167
19269,810.172311531857
18895,408.022654963611
4158,1045.68305703357
10375,390.8155188016
16434,783.002855616393
6450,476.439725531445
3816,495.929158611691
2976,579.779056240433
21256,321.303204734802
8852,452.585143065617
7724,906.434425501251
15956,657.22304190151
16358,1238.69480320218
15664,481.583058256042
6508,2322.1867911915
1542,492.675493812611
15478,676.162031877826
12689,527.459042015147
4290,282.206020219678
2128,305.639472294652
19634,696.244780148758
18170,571.386359025341
18498,160.627143043112
518,1752.10165142379
7027,413.295700833379
8177,935.032785294795
15496,354.646910301515
7281,638.277718712476
20649,405.655714307619
10304,571.796153063467
6979,538.066190626183
1099,238.481988168815
3008,713.365926538323
4742,448.656854905626
19557,534.458242799898
17852,559.524811155111
16572,272.492402198181
9705,971.736104900916
20399,768.474446504257
467,482.502997852913
266,222.358186339292
2579,926.008862564545
13931,727.600333759484
13527,907.471590359341
11590,421.698389469202
10372,268.356256187863
17939,342.441649052721
10451,779.384268444557
12968,614.835740187059
10354,776.219109681632
7717,917.200384191029
5339,439.082890807919
9066,1013.71463754836
9246,545.219476982399
12310,756.352015038143
19158,709.369974480999
12662,235.666983702428
17259,548.769946544158
8845,546.299557081139
11096,398.874436646153
20302,888.379328904443
1960,535.650409174364
11693,782.322190325705
2557,1451.41027471677
7375,448.862905220975
5306,422.333739569221
804,331.696926868558
2986,790.510802014504
19244,767.1729802248
14972,1235.81593832282
18122,736.175502037886
13846,1149.05655083721
1405,673.726767905027
2195,520.066062253213
7003,559.733353775711
2199,822.056982694045
16564,618.781516439132
14419,1853.64976432625
2401,486.886583665344
5089,625.027147889604
10079,1341.6612830278
1192,464.040734969463
13342,620.034040160741
2619,374.806890364573
2597,484.079183993546
6880,845.844345746949
5727,755.998585294656
7446,480.757013427457
10841,452.516267651024
8815,528.949236133833
16890,665.602669451783
6722,1055.04692768503
12839,549.488085332334
16888,1788.43821377469
9515,875.136771819244
15688,1433.57814244957
2193,1196.35801636631
9097,660.991788633454
2303,827.47343136603
849,574.456685412685
11742,776.295180993603
10314,1135.24085816403
19056,658.345870758462
8379,776.100800611775
4634,701.841394477286
6366,825.83399449572
17239,641.712196027368
2882,490.412529601264
8930,501.682259420334
2132,180.186187347286
18517,368.658184266776
12317,286.914045333179
7219,499.050116668785
9616,536.67430588254
11129,639.8360352356
15182,865.907900004097
9767,407.791956437235
19593,482.906086399767
17234,1334.9072532603
1707,446.993337150981
6494,266.750644813346
15954,653.541851278239
6076,426.450292310429
18756,828.864886538212
7937,553.511152802592
11513,674.104858643723
20345,1436.81105040753
14360,626.599229685255
18420,410.212262615372
21430,675.350408778893
6256,542.953844711458
6386,883.509465064135
1413,928.959986694687
220,846.970330756366
4406,1660.72902967245
11015,364.318728552009
10917,530.976992788454
7648,356.755232842163
2152,522.433487117352
4427,245.55025642471
86,735.468138588686
13899,611.23608016283
10481,271.033769411105
12643,558.154255187966
1195,611.958697674521
18878,575.556026389637
2459,817.866039321867
13475,338.880788399227
12026,619.437962828137
19535,636.835773533059
13200,466.758495174475
10161,1080.87772360587
21605,692.006063230926
12075,279.44035616869
14722,214.285240725196
20913,334.503247797736
6321,615.133458240965
17065,219.818206555058
14804,549.440260425042
3181,590.077770766664
20770,706.884474866364
16413,1622.0444607833
19497,442.013712625093
14098,918.343069956731
15869,772.990425888008
18524,280.478378066943
3782,789.388504325734
1482,777.518571224284
6724,338.797370473494
10414,302.694497860278
12303,866.00318914299
441,670.305601449135
13539,336.73256424628
19714,684.063420526142
15965,550.237321044461
4681,720.678547966866
16654,840.03713385706
19004,521.768259172069
9849,352.636802093992
11585,631.986544587388
7617,643.862264953787
16161,464.740655822356
14908,349.765015760086
20970,349.672967387539
4236,692.773957475226
8674,629.930546984347
21497,336.158074519821
7973,311.269845437104
3393,408.277902233214
5572,413.373083159282
9838,929.008533878143
15755,558.14364865159
5546,739.977597461559
9187,528.374192615675
525,460.318410613849
4091,1472.00351516694
7042,286.245363309696
16776,526.490539967875
19142,944.721748769894
2702,671.57498117958
7748,484.841026006123
17113,528.371223078571
11680,1325.54565004503
11316,253.72709113389
8562,551.945522431666
6457,887.457874550674
3451,704.25156093881
16637,412.285084316997
3797,702.197708807202
19350,268.232530741376
284,805.5278193077
5874,738.047564767194
18345,370.882259105587
1004,301.975541972537
20690,509.507195969877
19612,583.553658465716
6515,355.336656810118
16213,675.10779499568
3012,739.903981629189
7221,830.154928946994
9847,565.394593433593
11652,486.789881663201
1024,405.888488957372
20812,712.222383231449
18797,560.535610426881
4205,846.329466263645
20056,288.856421920029
5669,1456.32445378539
8485,414.989056687876
1352,555.062909625989
2743,792.687377481539
13623,980.461408090048
21221,462.736356792714
12227,501.152886647789
5859,277.570338206212
7501,965.375842407011
20705,277.003854568701
9135,721.720407780458
13004,715.628151213861
1016,563.665081724604
17758,381.417070461926
1953,552.269812226196
5478,563.842977423498
3647,571.316216972713
7695,820.329981280212
12276,575.086034641758
2616,561.126635608171
8680,1230.04728391084
3591,451.034179434488
3693,665.718478808412
11959,599.126696960638
9370,288.633618596791
20831,469.313903527251
15277,1001.18480501062
16804,1710.65596746008
5799,418.492122862486
19517,555.686927702681
6479,445.070140782264
12089,346.024681145063
11842,486.443656935237
18831,1050.53044930328
19192,468.469058634806
16229,1222.30654574219
1785,551.565531167128
21143,1162.03970542385
417,673.422609287116
11997,302.366146553211
8617,469.453701082482
3890,315.828630338026
20465,996.0769107888
3922,288.35887663169
870,710.260129707313
12760,525.387516694269
4188,440.319895019336
18433,267.849745838198
15176,262.292934924689
11953,1066.83256805818
11592,574.590688869665
15782,597.580639694708
10692,637.661474878628
9785,821.590555915679
6345,343.736218067973
20625,1313.73582054234
7754,419.030144926122
17510,572.01810412655
3449,771.139692598648
8500,619.896332749353
20828,1036.00666163997
6729,663.414437376936
8645,595.237241800278
7979,851.271453193619
8823,694.498394324128
3099,332.839651612151
19754,406.39271732968
13130,785.236539075987
16392,1245.80033521859
7674,727.449418456399
17253,373.511665042584
12348,656.012480034933
9751,652.591786558522
9619,439.291582276144
8944,225.141945712218
4115,633.979264064659
11726,525.850439797514
4423,952.129232851093
6921,363.615295222993
1681,856.045597943711
7747,816.264517116932
21203,327.714887536546
17388,224.360421126756
16738,273.734557883164
9979,847.897857310245
2720,254.841753609011
5103,870.60022113243
5493,573.534952676699
9363,717.888302311468
9665,260.920642711282
15955,1029.32117075101
7015,451.455754726022
6653,210.414679744458
21553,545.228534425344
10597,601.188261536563
15682,338.25602918416
18285,596.095578064723
12407,337.212026608438
8124,251.760960093554
9144,624.115087034521
16570,446.422520368728
1049,682.971228047116
11135,818.332909497955
6167,741.003321979988
19838,474.875450547932
16725,335.372930190335
6982,745.091009733545
14489,421.876349071207
1889,108.744896742171
15256,348.124999553295
2821,387.733889942274
13577,626.595429356687
14373,364.880365595692
2124,574.734901061823
15082,335.025648628187
1673,498.393433232629
11493,409.735906705368
12178,798.622047602979
12058,320.234272207935
2848,451.183101600986
3718,1522.55572242683
9110,1358.89440834764
11007,604.632980614376
8590,507.163161496291
20646,1165.26904405915
13894,645.108054396577
2607,753.246911173274
17564,688.341870954659
20255,779.708864128554
7729,355.453814718673
1084,1009.22835206848
4208,355.77308045704
10792,418.569026494573
12206,659.316380774685
15366,317.759052758293
5580,362.154150024022
8610,517.075081420916
9013,646.860331199051
6874,981.708047958749
4893,712.015495456638
100,964.204744364469
12281,520.969575079984
19306,444.020819277877
7693,577.228123192298
10532,224.518353918053
18488,442.388741400262
14962,630.361959584757
13176,717.759677550858
2348,581.28839125355
1260,654.993850540722
8159,829.912998930834
15934,658.242815200754
21147,867.022263059873
19251,845.506426184898
19408,750.925129208524
10851,804.623565261881
19901,781.763196916029
13854,452.083400419284
10378,1188.70374880846
8211,307.671517414788
14694,405.878376805597
115,1722.82207000511
15950,370.697640671835
18035,549.640819832734
21422,268.93289214826
10480,234.590472677322
8901,655.360436002209
8331,774.93640688002
17140,470.090558559344
16715,644.630798319085
11973,749.047573824763
10397,279.198775434354
4670,489.901712315095
21204,894.490468808703
15024,636.815809812615
17346,746.290998846569
603,316.612322464832
9288,266.117224177412
5401,692.421140813499
5715,904.992549634283
12797,309.826750030085
7019,573.762350494584
8861,462.053425374128
4625,695.745991089536
19334,1546.33649126634
13622,520.623285252156
14442,951.570424221914
18241,767.549269346813
10380,531.356616895127
5017,274.210255943619
32,742.150932661164
9635,640.546337214444
30,715.988523927145
16475,423.374106429417
14363,657.351592221677
877,514.164407893054
18445,425.305893975814
8165,626.070631727064
21316,1166.4764774288
3002,786.065398476589
6647,260.891864740427
16184,640.89142187203
6614,775.511007825798
18987,454.131511557577
5147,323.042233171343
2830,836.161121551702
9580,320.160367000473
4941,729.055540882385
13921,401.516106620898
15012,424.792083193401
19257,790.584248994061
19245,584.811884584212
7640,1024.63137183097
6596,923.741466972245
11435,652.359245193634
6146,757.358517855645
2457,251.523070191269
14641,482.00781286539
5827,1328.34096230332
18007,469.40358156039
9398,1079.29827171842
12525,1040.07539831783
20794,623.557258822439
4100,165.962624696852
4729,390.442032026927
388,555.232810402289
1428,1060.78952013896
7344,1271.33095669784
19744,720.963807799193
4092,460.445826708594
14550,1539.62836157783
19646,436.545189961767
8875,321.703582168413
1730,1339.55928532004
3311,380.563522347027
13598,1368.10061459085
13123,1218.00018551255
17428,355.676732408338
15103,424.07653320032
17614,340.645465100396
3819,380.249056517715
3318,561.884080494157
18653,732.960857603243
4244,1082.00965713044
8941,916.648589663651
20129,656.972072991512
10404,1341.36502513036
19926,837.063802529084
18525,697.008927166076
12539,329.346843823016
10141,620.928159253568
16685,270.466982226167
15448,619.665395749586
13153,1057.13726732561
624,285.989853745049
13124,546.93765777023
370,348.9580370304
2389,1576.88831487163
21300,295.567892051273
20222,426.987163429973
8638,2038.50011334641
48,354.299989919124
5441,722.133618875632
4977,916.80496681379
21442,421.077570119825
19797,626.557989165991
3330,451.999731228566
14324,1019.6004486828
21413,990.644503345783
8772,1181.48499566125
2685,421.989887087857
18017,529.152675252925
18366,1774.02497153549
11173,697.416828318721
2127,529.381081179449
98,465.429293313589
12658,412.621559205205
1038,567.214743179674
300,1952.13170087245
21046,443.679490995241
2484,314.326173318729
4211,1156.95843736112
9227,607.080196714957
4577,374.742438806454
4247,442.070683790167
21125,826.640829346743
17619,637.55357122211
6245,418.247652281112
21252,672.62131161136
21435,716.80023580748
19702,810.830802621207
2067,665.466435877892
7599,440.861138826369
7254,1180.12392316818
5596,855.615205549557
17498,1395.83077824567
20800,503.869486915978
17180,1257.96939748012
18282,794.982207347325
1720,1000.24350670131
20716,693.769817096304
10926,193.046339358071
741,455.021343798804
6529,441.506616280482
12765,1027.73848552004
863,782.265725724133
18763,579.913060140791
2956,1032.065900882
14547,1203.82410649901
11180,1089.96525319757
16448,1884.42198828475
5586,421.12581313663
21051,377.258984270878
17560,1172.03454586467
11894,895.811399479379
21274,569.668260486984
2011,212.191686346181
10194,680.333266104244
6317,729.559284337886
17366,949.975132231809
16113,436.595868241452
4673,1525.81621772686
10892,423.889737120647
14107,571.497610031474
4640,210.108231218705
6302,418.023707339068
19562,1934.31687922147
10551,668.92801189481
176,357.560112710326
17231,561.013965233108
1071,274.62750098667
8559,625.134484941806
15535,1011.20098371965
8457,329.58620463271
13535,469.160586105822
10866,759.544182312749
19976,417.867656662293
18116,318.738936827114
2358,236.526963850008
8406,596.431992112383
2427,293.859312287948
12160,543.606065657361
19184,1054.23702882448
5620,311.923131293334
8696,351.46766041124
16384,246.833479945231
1266,739.172909793336
2399,1618.25834472557
3136,638.715400346144
10741,245.510368839198
15223,325.439648406751
16636,866.133586252318
13688,515.220564304348
17568,701.989753485221
9045,861.608368265254
434,663.088937333743
11898,674.533981818601
18174,406.97435410492
10090,513.004297732153
2788,825.356470979024
18279,241.250343187733
4400,503.448587482089
13719,658.866453392124
9322,1880.41276666697
13886,523.163240468268
4952,492.138253954025
18882,1817.32509551768
6287,1098.36681426759
17784,469.982284881688
3756,909.280600588451
6144,401.619707783877
16083,403.230978793419
13284,242.807045737958
5016,514.214887121748
2463,282.493007754229
12604,866.969525426091
9633,337.701914279995
21559,491.575573875357
6406,525.456747365757
12601,346.472306054378
13764,287.891949292884
20292,413.465000180245
11061,555.237897418086
9969,903.372877581548
16167,984.627267422677
18403,372.975127268225
1315,2828.46593852161
19621,298.829585162132
17029,523.879225716057
9318,856.819685479136
6656,389.140829695456
5848,839.069887863528
21034,751.160610021427
12801,387.675160756078
15078,527.75077278455
11615,494.468479075887
8435,463.417860832292
5006,411.279559105001
10442,562.165642937954
19855,633.697449579286
8373,461.09986440525
19892,764.306354217574
4715,847.708986429334
10173,866.435138752918
8013,408.88556453169
20451,859.39881506948
19595,583.87644632687
6222,745.920037740931
13483,368.713531209699
20506,279.873585436805
9991,727.938453532548
8746,709.288394440742
7275,557.159004772533
4107,671.507692644114
4073,587.360260147613
12886,666.442781581662
15855,877.911577856641
15925,605.511607191172
13274,568.758371031902
10946,832.736602574945
12468,1314.19879230379
11110,1000.00448454766
18416,959.784838561813
18308,496.443228700714
4494,405.806216490562
12050,478.992490968075
20473,766.860279631527
9859,481.386873251099
13575,393.37994602206
734,509.70021101966
2505,751.0830749043
7669,842.743844408531
16245,726.144248559988
1328,886.031107036742
12216,435.226028668788
15926,901.168361376798
9132,549.335555670979
14816,1840.21103619256
20920,1582.63315653838
6248,666.751731488085
1245,431.919832625559
1026,427.905300415304
7741,491.482794841267
2765,623.050642519232
14150,115.785186501979
1228,1016.20330480599
6426,464.653256928565
7725,771.703547443542
2838,712.745500092024
15406,628.230316458477
2323,364.869870260837
419,1973.42117303684
9244,1132.10308931382
2442,891.949631356912
16458,379.302484247874
17486,298.064621785212
9824,574.534664375764
20798,483.448609809907
9261,768.336362144865
12504,370.988691133094
15750,545.233520932337
14121,690.720431511132
17776,911.077322393688
4879,984.386534575702
17479,713.157272974258
6500,1238.55354232026
10108,1182.40094106588
17422,561.8360864515
3598,407.508953405379
1173,422.613352965745
16345,872.313871498025
5250,812.97488501234
6331,876.743763352729
4886,780.620736982559
14211,525.653262063664
18570,734.052557880628
3868,560.630743676559
8321,252.562079294678
12907,997.351602326135
20454,325.50622885828
20053,561.327328738093
17145,420.545735113187
5203,859.962718768136
13982,762.591011485971
15230,1204.81894621565
151,325.601234349292
18679,535.635186703881
3452,858.015897906436
4531,341.948769907238
13109,463.677131255032
7881,1289.03780709645
17688,826.784008433226
3566,644.336511085449
6906,1693.0999929433
7947,432.194470090277
1914,447.760110209681
13066,604.758025274858
18560,292.985395907903
5508,575.306315963848
206,747.807045268162
15825,841.321541423958
1154,1048.92309809439
19929,291.667783034753
3796,239.00916352872
10013,458.793597500761
10172,783.947222894661
20529,650.913045151734
2350,152.721826837416
12120,552.664989760908
16197,926.077787283398
16986,457.409153398737
19441,599.834459693792
5866,114.985642233744
2502,689.647057487941
17831,721.428815257288
19505,797.817490561768
17415,306.887375031011
15523,395.296072015208
15890,1230.71547780497
12659,257.202998763906
921,430.60785085388
18918,651.211057823422
5107,1122.02958924863
20516,373.634084400878
2366,1430.46535918775
13940,1084.58814956011
3492,903.092929384497
8534,575.712035560599
1448,2964.21959089007
18635,222.434692443466
2620,1788.9728667583
4088,942.880664871409
13222,232.307630813471
10620,1070.92570074299
9828,438.701440810832
21236,290.900002670262
14075,425.956641274756
8878,586.50219929765
17969,928.923304868998
8263,319.529054103757
1311,497.293787640085
1568,891.445975216881
21503,919.321175618339
20917,410.395940472973
2428,1032.09113614362
984,308.129485816064
7531,543.479732482404
9778,1021.95035407432
14268,263.335763661831
9401,547.075209256413
10535,541.989274026356
12323,418.182277762034
12094,1018.21689947989
12409,481.095268364124
11812,448.53382785474
12123,713.327081159121
17300,672.447819411029
2156,613.639720408342
9852,669.10977513177
8100,526.773392939246
14536,745.577210511356
5544,672.139542992548
2,455.066534897815
8325,1397.32955237102
9932,561.582729370813
7859,609.920800253119
19438,496.371931345332
21264,674.63050103851
16764,632.722927037758
13706,517.072834723152
7773,286.771920462218
2333,1392.09537967481
3103,1240.33123118152
13430,756.64883854184
14846,848.340919851435
15269,468.152454660873
12900,415.017443643847
10833,637.764928018713
8495,313.461258650545
4822,508.395066423958
21366,428.910610434595
17330,300.099035040821
5263,1197.99976556393
17742,994.995974025195
6706,300.270227992961
8593,890.315019339339
19502,525.249820979819
18079,1242.96337374408
20871,679.611179197189
11697,1140.85415003441
17649,1056.19821202768
20150,273.272128721757
12883,410.183158672657
17972,792.745260853306
8973,851.417017532051
9715,817.735402480736
10832,1137.81230409352
4305,401.175749124554
19265,440.806394262704
9792,544.124269376538
21161,878.107986190092
7771,653.904465162525
8214,503.487477796201
20182,507.256682046821
15073,1071.36912937647
13581,473.372029895413
2173,434.339011626228
4407,471.579716383294
12505,518.07053451756
8364,291.159850649283
19488,349.017428371018
14031,289.562819878077
10536,1259.49052870748
13485,399.395072553638
2066,539.944391693395
12716,507.817613996294
14422,652.151681889345
18571,202.463685754499
16839,896.954294549055
12740,599.426547949282
4755,410.144064634693
7988,215.221528835686
9802,636.662164491576
20801,594.17221690942
18732,249.24059856375
5894,641.792652381304
14049,572.700183446543
20587,744.793612965472
4836,628.57601557084
15135,1161.97648136274
20117,1022.9961237974
17680,149.035049324773
14925,427.670768894423
8006,572.926101187105
15504,588.752032736952
11388,731.412084126918
9811,1061.12534694291
6572,743.327183894904
8522,552.400707137462
15685,244.856901693382
10568,383.295742914446
20032,1002.83258136933
18034,783.381649089777
10691,660.896220733224
11496,509.213647022412
20740,346.433793746706
12558,437.262424018468
3793,395.725792630009
4840,776.247506079116
12831,498.996257758676
13268,359.954657251592
9501,587.202097450876
16084,664.092782597806
10728,627.921989020331
1495,720.716160192237
7801,549.722279975339
19748,817.426612677646
7766,1054.26175433061
11167,1108.51063116639
10670,633.630900720224
18983,368.165516734359
12921,460.686336884425
15893,576.408133998753
15675,719.488544662348
2672,965.563217961842
14401,446.492623136829
8993,644.454663084983
2719,633.219374604711
1289,835.732652068776
18192,528.656581226487
5257,793.897893128978
21418,881.363111569583
3065,1208.08846401787
31,302.715036027811
2307,902.743519087935
4319,690.650432629923
20968,454.442559483254
16679,284.810654442854
1922,356.194850824258
8477,985.885785473398
2349,868.578433707908
3507,281.927023466074
18152,1110.79606230642
6289,983.696681144641
15986,396.014829478637
18669,712.810504679539
13151,490.15029089452
15218,874.622767550881
5226,201.33685370092
13017,476.225500628881
15307,881.739631120533
5939,688.526743608157
17007,600.149749878692
5328,732.457562132395
3347,949.055058778577
14921,791.701183801052
18648,579.56648299357
17380,594.126854251701
4049,1025.4939566237
20840,1033.02633271264
3610,716.976404667544
18902,1010.56128580801
19981,1012.81423702812
9331,405.020516804543
9809,746.056315909012
13429,254.093547379977
19861,647.131709618881
13351,440.543827115551
6643,689.797923163463
16489,458.909851424845
20172,959.494514150765
20737,379.958700565769
9486,346.494796408361
20122,525.864497212502
3654,530.150063934563
20959,831.222999809695
13116,1380.45134990982
14371,400.502846411635
9221,1063.01159500695
4462,309.947012109564
7798,744.187321289734
15423,503.121273131344
1896,618.27390227651
13163,1284.61394061574
712,658.166498679463
14074,654.433106117459
9070,422.541098116704
16405,300.082145272205
3316,544.816024503451
10911,461.799488447761
19940,785.261897387846
10957,738.337326362235
6231,851.431906592144
10923,666.752552601296
19189,488.785942993171
15297,1097.73550289567
435,515.994815811003
4389,436.137117502383
554,402.094257576693
18260,605.969518120118
20593,936.348305747033
15137,414.944842827929
13953,1268.18276175771
19223,407.987921510288
6217,278.610763269265
1387,568.268199166781
8038,1151.33950955207
14524,478.794130125408
5507,693.328655541369
14938,428.25187240376
160,400.277281520475
7102,1273.30554688722
11303,1016.01562088262
8841,423.374060440118
18136,774.493942104178
4376,490.264499794509
5225,386.365498620318
2542,217.6405937451
18307,1084.50296141531
5247,848.949675385074
10576,348.547636990584
1366,577.644166184336
15506,848.367553343313
2758,320.48952015966
4598,1077.93828161589
116,535.606388344756
3142,308.437499515423
4477,1410.68694403638
21254,1304.39177210628
10708,783.805501579035
2147,688.17202502139
3003,434.209084408237
2098,737.052202387009
12336,925.941302398836
7017,322.497310713036
4126,586.711626558302
10464,486.346008474357
468,767.869556059633
20022,325.383899186199
2503,710.663836724608
3557,494.559778152731
263,322.161111018916
13777,402.664097697303
4031,495.312071303639
4417,437.073151974815
11117,413.734771408544
14148,724.24277432151
8985,553.783273283353
2157,752.214689897403
21056,348.053181071611
152,365.266294831172
21560,934.987468622304
14344,403.278465180888
2114,368.489344244114
7072,390.002152749809
8319,418.924892701769
10951,2097.07241373223
14604,881.555167468508
6339,330.154113107975
13052,1148.75253637041
2453,738.03403978255
13627,1446.42227847236
17016,756.533689669847
14571,1727.9348174978
1116,504.23846278985
92,260.516051983977
11864,662.957460555235
5384,666.098311170535
5320,426.210894960374
19012,596.798661880755
3946,864.982818965588
10609,688.894462300319
15149,1125.9410042169
887,284.050745329647
7780,900.157945880943
1660,621.112183835986
4650,694.671146369306
6208,983.581200950735
16300,602.230918571622
20943,490.767269422729
619,358.181440092806
17146,779.300131535331
17375,558.266710170473
2379,500.690711965165
12714,467.180337746528
18348,390.155022505764
721,489.626374176487
9546,589.42273383626
18651,1027.81550920003
9296,333.576144491802
2942,628.668930148623
21513,835.147802637946
5085,563.806591050871
18055,567.536076714801
17120,448.662922056165
8077,622.777635747877
12292,552.825414470001
17736,518.957958027648
15982,535.40810173968
3348,731.563315420107
15910,437.015660768102
5834,1060.27772797717
15643,521.635393942216
17652,588.619953152286
912,301.053125880798
14044,767.651343845186
13729,536.804905383708
1733,654.663685651236
15048,682.901264829933
12259,525.919199536864
11163,708.464931223636
15532,753.969304771922
18804,465.712846120441
13879,236.243091959719
16098,928.348652579515
1640,642.052835332395
4095,343.528914774389
99,935.641401251698
9645,660.553440843451
931,597.379051541626
3395,621.103961879544
6507,849.081785860018
9856,879.884270384418
4332,142.441203221881
8317,493.134125730399
2936,932.962776747306
8497,159.113861741406
3355,357.821834351959
12788,359.279733496306
2709,337.932117775869
17637,813.600218483909
267,366.768088240763
19050,953.546247485568
271,400.818450391275
15364,409.411490868482
1866,369.96459976783
1832,1099.25179112374
16661,561.971467569981
1331,1069.14776002515
12041,445.096604101221
3802,237.56176143291
2670,299.66246235574
12767,700.530581391258
13945,1075.42793790664
6834,494.226655322766
17958,992.524971262334
953,922.231403465343
6089,333.64799468086
1549,558.567416363682
1368,798.00110489166
9776,427.544797434196
8145,486.977129493237
12751,547.595737677147
16836,565.536572402623
9300,651.299814132246
12037,311.160811820013
4004,494.781194447328
5816,383.119702682759
2695,865.124931974152
5628,353.632891958166
6421,1235.32638881833
6835,298.174166348606
14191,185.754611836634
17675,852.052804874428
9808,1419.26875034996
1180,935.109641246549
4856,391.5996098914
7463,986.718272361476
5442,745.009939322784
14606,451.067466551414
6027,234.359295918736
3289,308.349251950571
19359,476.828012275336
3957,1473.13157193256
17867,307.861594416345
5744,631.551719644433
8533,428.248931631634
1990,932.512679016473
21285,287.265164864346
1716,701.21746868926
2969,1337.06248339548
1571,531.647611006005
5267,714.209246493461
16412,851.56036837688
3276,626.563186248259
20921,1214.33305158625
1403,875.552940989953
16328,479.785157939891
10444,875.179647763333
3835,930.328828447439
8756,278.856710224576
15616,795.951500948954
19723,578.386725707825
12185,507.798880154811
12731,554.485202357184
3477,787.813851479229
19232,336.544800300714
14428,1449.81397932962
10771,688.6095353259
11897,611.029003487474
12112,406.093101156787
18589,826.865202549484
10272,145.005453430769
10584,863.170521558305
10633,1308.18293252262
19297,835.753477516757
20902,1366.596704372
9412,408.87179811962
18765,436.611500339433
18592,1017.63597981095
13295,281.380331649357
16204,310.57109721039
15743,863.910134442796
2356,1213.40905552378
12380,172.528274829862
374,387.125494135469
3495,538.000721831819
19083,1122.19161591177
10394,917.457182183697
8932,682.013503240861
9520,582.649512385738
4684,411.790214634891
3543,594.096665061515
7352,471.432895864875
20772,444.912708025896
260,613.866169495706
6237,247.255561842212
19715,415.140397585239
19242,872.496686880682
6736,1201.74920586791
3657,926.189396974297
3772,448.83378976107
5341,884.783887459686
17745,515.40712931692
4668,293.345765801223
16011,490.543986906117
2243,424.284126135098
3599,495.023364937123
2600,807.522653308771
17907,558.908145022731
11948,760.341231469421
3820,404.492272731749
5497,561.061399524919
4446,277.48710459308
20286,452.793965418508
6344,504.961052913559
18585,503.727804296442
21058,436.952361924271
11225,2112.81664918181
7831,411.557312775373
16577,594.91962856821
15952,412.71544168826
20197,1264.09498325029
20155,486.607535774204
3989,1107.89735470092
19462,406.418906541241
17043,686.837473515311
12422,561.351426157449
13428,768.313651465575
14678,509.347064196259
18145,579.952590731624
5025,1219.94826018597
5738,451.125437900505
2001,518.099348487235
11138,809.230535246225
861,230.339406299879
14199,1492.30468413946
14850,700.994613940894
12770,992.612242476585
3611,608.924904974537
19327,1173.64079252427
2135,239.306751154258
2864,2279.87593757512
16158,687.564311598994
11584,765.716839081017
17891,735.96566939777
19300,378.974347888765
17760,594.336209206771
4313,461.220253047387
850,522.138617538715
21557,384.27579526194
4103,585.661843728386
9672,343.618080978694
4780,360.085072529861
2291,638.356652052263
1845,492.525985345794
6055,372.266719387793
12489,200.603820209083
17901,255.989328557228
10393,744.795570131768
19761,485.482615816561
15358,1277.57170880542
2618,1223.64984497917
8090,309.617560954831
17620,263.70452707163
4892,1391.27184859683
11250,414.17363120161
8768,603.921523184936
19625,775.428814417778
9557,287.182055288508
10606,1302.62163130819
7425,895.528364966167
15747,515.716030476017
10524,270.167295440544
6447,504.480880570443
13180,453.379612813578
1517,617.966619469917
17725,617.318016184586
37,926.488686269041
2197,624.706365352337
9436,898.378031052117
16181,474.603708043885
14264,777.578894817466
21496,936.584613479661
15010,1526.69258539311
12553,262.398545400746
647,522.219747726904
13828,885.92262759104
16208,740.717861009334
12669,496.368260889016
20116,411.725588536184
14705,392.064265866672
16408,734.559686141272
11256,355.855571597418
11879,517.782278557982
12148,1307.25077946446
13800,932.242740329237
14823,589.335890598446
1146,543.660322080035
9597,568.767667153605
12044,1118.3021808809
19586,496.750872891511
2228,275.480140545494
16911,1113.20933812697
20503,333.62621041949
6342,817.966716836976
17541,944.816241509567
12510,494.856305638385
17693,553.302164462169
1162,590.317529390206
1325,236.793399496973
5854,402.94868549784
16713,849.472470189176
5780,586.960164732259
13797,813.29204537341
16421,775.351090999515
18391,400.894342188748
18546,614.130141882394
8782,886.069622153405
2914,585.104234775015
6259,782.981407249566
3336,693.906854015679
7806,366.552335194363
6488,466.507290666586
6780,600.832626445233
12673,637.313094122543
19406,367.169661352373
17282,671.388250216954
20045,593.048170362938
5888,786.59715085891
2690,498.906944112388
15020,645.207959045081
17844,843.446633529339
4838,535.127700966077
9788,796.156363460657
16930,552.632008292735
5002,280.623256306773
4436,927.370690669313
6131,312.161020736214
15584,617.800626640887
13363,809.163868031893
6932,224.485059667037
7781,905.849472270207
4855,1016.47122146133
12735,621.155836476927
9738,393.22049033186
15362,998.095354353937
8628,1580.88081177444
13674,410.04776871722
11082,578.921969982601
16159,533.885084929786
4197,670.016694995547
7096,883.518206998828
11986,606.689581178977
9936,222.794964527096
4712,712.382755550239
11795,1006.22199160695
4594,1353.55489580027
6042,342.027032532402
2697,293.30135050587
12203,604.810517332266
20844,770.986641212313
15559,733.540084585864
13644,899.787620531892
9466,747.796003093064
18040,736.32060080347
4226,835.407948318057
9875,693.959414205046
11306,509.754768722956
15702,1287.70221609646
12522,582.613515086387
19784,676.281790606457
11655,730.365530326816
4943,1130.2455925454
16302,1903.47266725178
14936,206.535515441053
12371,620.406554465233
8015,803.656988632603
14445,720.074982385521
20295,1926.35177340646
229,455.287016354114
18233,403.584945413669
7236,1255.69246463355
17319,-232.513609237826
4425,511.133302798668
12728,900.945272985222
9364,550.824503381209
8112,437.46181302358
12385,824.902927285557
1380,610.300365727127
429,664.710718926023
7638,633.789417660189
2711,468.294380956776
12375,816.889991725301
19278,650.095935175458
3896,406.910647069321
8598,440.770743688594
16923,394.478793705599
21554,833.569763869852
1558,710.172750141107
7776,299.133298252614
19587,1060.89185847122
3931,940.480974789635
2813,386.530105642389
12138,661.061119069571
6049,837.405645812824
15180,1497.77525337298
891,630.569807052591
16611,639.336805830471
16273,366.550686067222
1222,282.920977064813
16041,627.390768944075
15762,527.115278301958
17008,773.949187646129
15511,463.312994762834
2038,400.566445083326
7834,1018.29616435909
9080,485.316947857016
10940,633.998098887881
4000,283.379361606484
21005,719.532770140568
20626,396.782417246398
677,526.573735507425
6878,395.464051805946
11943,790.356940106538
18311,229.820046668674
8806,289.984257243577
3894,546.871857677256
10049,835.710227688792
17818,517.834753450256
6804,446.507841626409
18172,323.023246004736
842,784.823355224013
6504,628.177824211716
2730,630.175455019977
2735,819.535693847505
12361,716.343720619756
7270,1570.0048420854
3870,280.659354479245
2273,637.296982445442
19043,904.697003168146
13546,725.47951173653
9245,510.657057531847
19480,707.217880588509
12719,544.553448246201
4527,393.336905427121
20108,932.541622369279
7978,738.694656928402
18338,500.704724053007
739,393.688463077125
528,375.443481282069
17315,337.923106114163
18729,582.28279203237
5563,522.86572243236
5585,257.287315916772
9319,478.823234988643
10991,361.799715743476
15980,1062.43074654064
4450,711.313470997289
10704,893.675269139616
10169,346.396798488996
6065,723.611483103583
7100,724.52979439241
12388,272.361001869081
10778,564.097320025468
13015,421.367941741244
6985,451.478871966451
8221,1125.04909998681
3711,503.489016338944
7805,500.910168442719
5638,405.880604047218
3670,502.08775127184
15158,1673.66217222305
11688,612.444026804601
16018,512.478227090917
9820,365.419077296219
9679,1835.93133082296
5884,305.452039840341
17992,266.716798563558
6525,389.737983042532
6325,578.881875393628
8053,1206.02571749499
16789,404.410586865687
15053,462.007842275997
19489,637.170285055086
5650,838.158205723639
4633,1075.22416696484
4919,778.580381839141
20280,1107.72303566607
17484,509.05952525178
6740,1107.4639168205
1967,993.386244152763
421,529.143170149317
18080,489.665928857376
17075,1040.94985888942
6307,1353.27568042692
13354,331.95305164821
5471,879.983099695441
3093,691.974969740845
9993,932.550933654203
4202,1004.82967591447
6460,463.812946841131
10506,813.912032969933
5940,928.638706748802
2253,486.180968839021
9379,487.67045362516
9152,789.027658668294
19461,1600.65196007551
13023,481.236319294213
18938,103.854396210955
14290,704.109433942789
4440,431.898268455357
6028,800.484722929722
6751,289.066533221343
12406,474.019105221883
8473,324.309938116067
20458,1655.48606728857
12773,822.941214865242
14532,624.743715781911
6865,508.634696779357
13734,584.818973513025
5152,528.657491984618
14820,584.223041794345
20765,1478.26239788391
17227,357.241547223172
10379,809.692773145061
10830,943.293914206704
3930,370.196696060103
19526,1341.70171269368
19443,1141.33175978959
21192,925.650732469727
14040,417.364984782989
3833,418.178792706859
6136,754.515980553113
12139,573.1445945657
17459,1662.64169952439
17999,643.882514366405
17250,880.016486055458
5141,593.820196945067
19048,473.749373170533
552,612.41209245231
5415,936.637804993946
7671,832.067069550094
1878,1067.24137842648
11242,538.94335785959
11385,847.84584677191
10460,1120.90652345219
17298,658.911814660254
15854,470.235348561659
6285,1182.54778482003
9459,1410.2585950809
19658,905.879566968285
11563,586.819806671928
12821,642.557647496915
12238,392.809290618
10912,461.704027969744
18855,298.245289407007
7876,294.845095725047
13765,358.232904267077
9028,665.770548694167
6165,529.505656189061
16169,164.488129343578
17440,630.560438685525
14123,701.777380861663
13299,1005.46654971379
16511,640.975769199329
9727,708.869259960097
793,297.403098286268
11535,1905.25989596582
901,798.724496303488
18404,819.773027785598
6300,482.464388162173
6396,130.164568766333
15569,618.702531445358
13789,937.85986948571
5178,1623.92710055863
15716,723.557932859965
11115,1259.25966008475
11989,971.230117601263
16209,387.689801515803
5094,916.134823735357
10243,408.302750597376
21448,556.603146332067
15918,1212.5572259544
17184,915.032500744508
7138,728.824538101859
18936,293.426689252647
6112,502.155243401682
8267,546.970620780856
15795,969.869194117578
12198,467.306013565581
18199,1960.08974929815
1167,186.647712427764
20079,657.50319237378
7666,375.869162990287
9943,1043.25719710341
1145,437.248862677652
6532,898.108302886509
12417,308.672925019689
18817,641.10265551048
6220,522.31749982587
11451,722.885660871117
16507,298.615967760889
3784,341.156188667521
7419,390.283795563847
18843,607.469235392326
2794,1237.75872600212
720,516.677453188991
17329,394.777277552907
19414,602.675223832777
17837,645.797001223603
19849,951.753865957859
17517,361.802344552304
2017,487.842087531088
6066,523.599061815885
1326,548.340519295792
7467,560.068074123929
7283,1100.2103738522
13892,224.354239839837
8393,776.758684209223
7942,856.69880674265
10531,689.938098251618
19900,284.098080459285
5775,389.95942806229
1075,701.193091239614
8242,611.262451940126
7440,1064.07936927861
17601,1375.61497134107
19895,1079.27859476832
12597,422.038466196211
11544,742.985700517535
16751,319.864809555512
13786,479.637084898844
18849,863.681890662813
10490,462.692808590151
5429,311.462819448784
18599,581.744247033489
13187,865.658505539738
6116,828.470745005497
9198,1293.33366046251
7769,639.38649374489
20585,1025.44679057123
1280,749.976345923368
8089,250.476475124126
12359,294.133536732639
11331,261.363480911707
10373,2914.49719746761
5149,1125.60178608033
14623,617.047357508073
447,337.264016929996
13768,787.146799570985
18464,363.550974668707
3953,707.996408516173
13168,832.760603267439
2339,1363.93216969646
16387,1155.4135673714
13287,799.894597804561
16933,1085.5443281999
19429,864.401112282384
19962,520.613751463321
5101,458.798473503934
15519,285.094851523556
9863,639.786738941663
6981,369.311972649925
10072,354.90351814544
13383,380.694894928738
18990,507.500101882435
6006,480.829045329773
12816,1281.43421697871
715,423.538863664066
19623,352.95291472724
11867,380.506193433196
5876,619.800065055872
7395,384.999987377152
14793,794.1785202901
18078,770.994764161807
2728,1150.72507193343
4831,777.303943972757
6355,942.384721655463
14499,549.673190255642
1649,654.281325883531
14891,1076.72421948323
2064,656.241348868723
9027,696.830828941456
2118,1075.68612313553
5503,329.442520445455
19212,693.42612921066
1621,632.10623004859
14241,628.401578177501
8514,761.897015922072
2301,157.712114061088
16347,537.241737499992
15263,1713.66822993161
10302,606.506701516154
5713,375.181140160482
2948,317.693907133897
20437,357.675379259267
12237,618.376076367729
12207,983.209998985689
2724,434.277663025263
17898,232.328594407281
12284,815.709705697976
14001,418.151966677517
6095,1002.04412684282
3742,801.412934977573
17199,219.582059231621
11207,1063.5493169677
384,1700.49685028025
5867,333.224231767692
17586,1067.21616907956
3974,627.236330876471
2625,382.520221242335
7603,273.067190907125
3497,422.230599163383
10718,484.355058323305
5949,276.929154424683
12805,555.234802736767
13798,1339.69315555561
19365,1100.08521834526
14175,347.997337488957
6407,397.998625114205
15874,1441.43349490511
16035,388.438917560617
15330,1014.59787294444
21392,621.892939187219
13553,231.31084260177
16948,545.313680940276
967,694.267995439066
9383,469.2867112988
10808,713.983034296343
9242,677.065511383343
7857,463.849850453185
14245,606.847614882856
11703,747.089026972199
270,1921.52443595712
19694,635.408321019917
11277,950.418597528302
18819,697.104901676463
9060,726.347879172095
6585,436.136462975029
5913,656.188574214326
10488,512.700345678491
11095,652.611697075339
16632,1242.51106277071
16034,1254.04730658578
6767,680.363839227349
21510,385.628078203319
630,132.916139608297
926,480.647641289766
6963,327.374972102483
3653,448.620771182549
20718,408.79757355294
7817,467.326264480248
14426,426.343816970527
20635,1091.59819727641
5917,759.265628700854
18431,775.883643771301
5921,464.4943402672
8579,768.211814440015
13649,607.188248455918
1685,1276.4677587083
3402,424.960945739031
16407,281.247678894752
8862,1495.10792861685
19239,887.667120617672
12745,642.431509380514
21231,750.682440430823
2418,405.623966620914
19491,321.118330021301
13751,573.039865259254
21178,949.73373184662
1596,114.966993146132
5340,863.76710822302
2171,411.153858626865
7719,489.445367203206
8839,618.222051025396
17961,418.570409387086
18108,379.866660950204
6236,402.747474769303
9563,270.608213569785
4502,410.840284479011
3229,1059.14084736935
21492,627.12554348327
18037,732.147962207334
10114,869.042669488898
15083,586.502257119068
17931,503.794628015718
2475,280.662147752318
18496,337.804308870165
18342,398.966060440834
8363,347.725539686835
15940,419.815146689466
8259,744.778292337461
13055,944.198552417964
2609,510.725760932922
12970,785.871442723503
20355,1000.8219593359
13634,459.401650177144
14546,646.402379774444
17774,308.188489479542
16805,1441.55575750327
15589,632.950135672239
10976,1228.80176602614
4271,368.155928530909
10761,246.218847017988
15588,357.659991483701
19478,217.231524118468
4237,309.079636164714
16542,565.232947962892
10773,409.872343300512
1824,708.972706335489
523,528.288071125745
6156,616.278759146791
19156,1391.71630144349
5489,818.747679286022
15938,428.88521131471
12965,314.928407362867
20654,428.666674228974
3736,422.942594485146
10795,329.785574216729
2771,404.684893248299
8519,342.121566826253
10658,515.555383861079
5003,942.101914876982
8136,1665.29743905167
1318,362.232648852323
12881,355.738482954003
16201,539.422400846384
6117,557.667495356983
18791,1465.00201292024
21439,521.475250644015
4851,1265.9162053188
3687,805.874294453021
21475,419.169030438135
1632,666.534042126664
2415,553.4923687952
3873,235.289515552647
2340,336.167102807665
19191,612.883282427294
4777,349.752580802787
181,877.638223329435
3681,533.155059505658
20072,1709.86885066335
8442,269.848401048471
222,617.318827534571
12229,1139.09103959564
18045,1176.07617610154
21262,571.785629514749
11272,1299.37672683253
18125,511.138979295225
168,849.715803990446
974,898.102593950069
423,803.419663606856
3919,584.469010366899
13589,423.24926250037
2478,280.662430491056
16451,375.088448479702
12223,153.749310146472
2953,547.857463349721
9280,453.187100620433
7166,242.735757936443
9518,292.627047019892
17317,395.416749500706
5933,358.68099185998
18972,663.886052539725
13672,942.593982873207
9867,869.112471500806
19091,1300.98695871005
6605,354.656699206185
17708,604.144678340286
3848,647.891720456098
10823,1035.73660724001
14548,468.881086615557
6903,660.97042075816
12390,563.493044658423
13311,594.122681051649
19918,616.52235593818
11037,855.761433285581
1638,470.509784573805
20446,385.431181455187
437,1054.09920880617
6346,361.250406253155
13544,261.468574203921
6377,328.523857336633
16864,433.364553091291
11691,404.222431286903
5839,303.242618574016
755,415.725237286349
20482,408.822826133457
14638,1093.41999565728
17803,695.539041138337
18491,512.235342911001
19420,750.27946053922
3975,490.387781083108
9230,705.709752796387
3572,620.625853618452
289,497.696761915351
5622,461.16420027741
14998,558.190332830255
17740,285.304688491451
14835,745.974194408729
16688,766.452889743176
7161,896.410531064235
9275,331.592110358713
14810,529.668350602161
4627,1059.00040673366
805,507.259822000874
1753,222.179351112251
6051,523.858484413032
15458,343.162553350473
13849,710.215686135473
3616,135.924389665605
1667,479.940697557503
18075,1689.10527873012
608,365.794363180957
16935,219.281418439211
10179,1083.71421505219
142,411.205755866617
11088,298.591693208155
7544,487.282048174317
19331,637.679167492058
7063,704.088631263835
5752,650.030569176528
5091,833.144670626996
6587,636.721482444497
16955,375.447760867291
448,529.529654004862
376,544.735932802501
4698,244.216763518553
20491,1022.38051327325
14162,400.139781519584
14609,617.637428973626
20338,286.973701810327
47,765.658942464607
6157,767.764341678007
1543,1065.32764599218
4842,736.145095490625
8859,656.358037442723
3547,718.943815066349
1086,590.130322098556
7604,396.724483852719
8064,510.356759451182
17761,684.327554165176
14380,740.743861635236
14275,1222.03684350535
18386,451.9112497718
15608,612.925321454855
4908,1096.70810308685
8453,530.024681515723
6734,437.806077706467
15887,642.637055400803
126,887.632061441966
4999,763.329955394539
14747,746.040227147264
12070,411.858645767954
21524,1201.22480405965
17951,665.086058454415
12787,209.750438084642
8143,1136.7556843336
15061,1139.80552385201
4193,227.183801670148
3367,704.657743955755
10545,716.907873600942
9087,694.320040836265
519,819.211657687838
12002,467.079315446545
9084,578.474834142302
12645,638.886731215198
17806,804.476923321812
12322,229.723117697641
10621,757.497338866358
13901,439.89259396576
4968,1166.58103048174
14799,275.460079700323
6887,1105.62352653803
5129,1002.8241289434
17636,542.011121614255
327,807.749352423139
18171,377.795414448616
3748,1293.15993801209
10954,643.196804884582
17848,842.756287832019
9487,1147.3875958983
16110,1731.26699736672
5097,659.496059310234
16480,349.555701258832
11530,571.221814064858
21033,1345.3357360104
20623,1235.13771766757
15903,631.904837594053
9263,301.498124791393
19330,1177.83845752837
20202,662.287886800744
7645,353.276198335418
7913,643.911793156321
20715,341.490339573476
9536,622.048351253821
4961,886.258696528326
18821,527.679859145666
20966,1445.7254899835
18514,450.246539537996
6852,348.3917674089
5652,563.376690089273
20309,1175.95438471401
1570,834.097342172259
8802,372.280936078665
10170,1010.47804906746
5447,827.934813817054
12169,741.650126111445
469,557.906711107604
12136,925.345716788011
20947,264.639350463776
1364,384.779047717182
15808,373.746410442696
14410,921.656043739372
13404,483.537210674434
20016,957.795400131437
11969,341.578541978262
5504,1252.08548958835
6575,339.173327185472
13375,388.892950248553
5818,724.516700506319
19995,648.917208100769
5315,846.525530409164
10162,367.704506997364
21286,452.257079417319
6889,179.345886095655
10942,459.245605552721
1569,1247.51898990751
21242,581.617904464652
10366,666.75014960825
18629,301.356629868244
15219,708.416581073493
9862,725.920882454733
20093,371.353700492311
2126,508.364301942783
11863,590.329517314856
15605,379.604621215342
20837,816.316400581155
252,421.461568050884
4036,1166.40239421112
17432,353.675868232038
18616,631.675453208544
17504,386.00603368029
20543,368.14748249552
14971,1076.82850182147
17179,981.357296382582
11008,217.725625684034
10046,295.191798649143
9170,1044.34965292356
14030,1838.8159291693
17277,377.243352938817
3241,527.708637367104
18544,1001.02496929676
355,607.600188190225
2058,809.20206110432
13288,471.69856232192
11934,1576.75465378225
2262,900.286821016551
5846,841.676905668603
10780,750.868486521033
13603,730.827947280638
2219,846.558543913968
7123,556.453806175826
16297,684.702150263746
16907,232.533956238393
14860,882.360791876644
13825,835.029926916462
6388,505.350043268097
537,774.797509216212
20141,888.645889782601
15856,498.84551561568
19045,436.102173638206
15098,1026.75778512962
8996,996.041306312412
20701,248.969707779817
5026,545.174406539488
20190,324.452450411627
9799,411.154746773395
5255,360.231263130032
12252,170.469293847713
16319,682.864523157936
15771,759.810033837469
17870,808.117708104938
4441,229.376542400281
20161,1293.19985521696
15667,1248.05020911997
16020,974.565765413999
19208,539.492674178344
16615,702.342347007745
13257,1621.10109447668
17978,516.747057500648
1825,566.500176145223
1200,560.580461108357
6701,916.921250736821
3387,523.223879011845
17545,496.750929137988
13564,418.505858167861
9228,737.905552830861
16522,825.268214472851
20652,620.98778982924
18229,795.826352069389
1194,345.084086240668
13713,759.385117571633
17139,844.662325484468
19076,188.138349054205
2860,1276.74648764461
16284,1084.4213347395
13538,350.095878260048
194,260.160568575528
10977,1040.59645485291
13362,1098.81917186171
18487,220.293084964298
11671,562.634230129948
12555,670.801377596518
13714,734.145185182634
12107,444.901354542846
2535,761.071696916626
18879,500.632099082788
822,1368.52667997088
21175,1106.79449087336
16255,566.608735753899
3293,597.219026504929
8014,641.17501665815
837,269.851111704967
14497,995.063947534201
9539,601.180356168757
667,711.829984203383
9675,650.621420669621
1079,233.012722674965
8384,400.58602478495
19858,2771.72175392153
11133,538.574026719834
9445,486.705463100456
18377,545.302165225429
5935,1118.47197373392
6079,1215.20992670135
1096,143.870000077371
14814,811.885662498949
3673,685.694453524695
16824,239.596975505916
2805,806.684199613076
17501,719.362166274826
9037,374.328106047322
12222,626.809816294004
545,1151.5322654926
10654,300.641622999571
17137,1382.01176933033
2506,1051.2885700108
18569,774.029552494342
11938,392.505354767256
20873,761.320931573646
12834,474.810660581205
583,600.473195555439
4585,353.45330289314
10682,669.532159751426
16040,500.232920356805
11285,325.150114996162
536,342.086746770849
7164,297.97891527829
18782,1682.7155384845
4739,732.809498510386
19675,788.717726012888
14869,513.740561676982
17912,490.54466234072
20523,462.833330435909
8431,383.573781154386
5126,697.138183403438
17874,411.864545331914
3253,454.009928291907
15333,489.969153290969
6577,1168.48728230985
1962,943.293961670002
8092,3453.26168865942
4429,1195.55224198657
13369,296.090615496581
7358,1085.28742539311
18000,686.210378759813
1417,1211.30179173811
17922,335.530724163123
18704,467.708487665509
12649,185.276734488895
6483,462.127781959757
3964,677.46470098119
16569,816.719462482517
16326,458.675764741236
7865,319.09382148317
12835,385.942845454204
8499,482.589912637895
9548,486.539067766624
4341,114.766219695011
2075,1119.14189055756
2065,197.915546500304
19412,527.008018553745
945,665.21908705112
17215,489.307263184699
15370,385.464606470703
9490,583.575914629652
17441,494.839718287884
7760,367.818672207029
16226,507.11163966496
11872,535.05826646256
13325,666.29907127588
13341,640.289180635258
5999,440.179109535125
19205,1023.58975890005
20078,754.564208390962
8039,225.485811365937
20527,1290.31469877533
8653,324.367481048305
15575,579.779097938721
3125,378.345104049233
5618,553.423585045696
11942,608.132003256582
2330,250.023616474623
11152,559.367766485481
4514,728.621024884265
16506,410.563030438849
12905,755.92780045841
15080,379.014081267604
7558,273.673787944705
17872,1085.53482941227
21499,1252.83612773593
7514,810.887325002566
11573,758.818711864245
792,1346.38755359577
17632,1188.83549222685
9949,489.531865727189
1350,972.611109126155
11484,576.157834696036
6696,886.354387918654
6361,751.404903453018
19767,1008.99213113599
4055,724.980371293539
15470,596.70437300626
11097,852.766166249317
16509,439.110416714308
6411,615.561866407361
8766,335.125517853575
13890,813.901792457598
18095,411.458911973963
2555,789.947727846955
2710,1218.04537269859
7505,549.685713333351
5945,566.416158682311
14444,898.730445200207
3291,374.150859763187
16823,527.852231104218
366,827.661466736959
11198,440.604188260722
7098,559.712222496765
5303,290.296182954889
2562,541.760973543309
15140,389.811685115163
4850,497.845095815098
2234,834.309848052244
13024,502.253098530879
18492,791.455550975181
4551,570.156691810468
15434,606.747923154273
9463,559.13984860438
9033,648.486952859547
299,636.839980878257
6182,474.504826187698
20544,309.284034573594
14970,715.073267084734
14111,595.101336570297
6151,501.68617192089
16876,168.655846103491
7624,498.594861749886
7550,1087.17926096742
1383,658.475772330417
13235,1414.08212366244
7145,589.819749255272
21075,568.084442884668
5601,503.733668602878
5311,406.981988042771
2957,499.694902237588
16091,679.663806057972
968,348.129129175145
19151,599.985069869639
10574,294.801794878788
5600,1375.42918938781
19742,162.648023629662
2591,390.583473309827
2117,738.480152460464
7235,1032.80592977927
18996,998.346073100628
430,697.962655808949
127,550.138759581227
5759,685.43369406686
21069,715.10281069898
5552,415.274776478896
13738,475.285399540602
2545,392.416598382323
16071,624.696930857738
6238,403.690691757624
8324,409.34027147572
3757,937.302561928085
4647,554.935502436967
17001,1443.00294432798
13875,751.553878467569
20981,1202.07423392819
11212,921.472863728956
1199,1455.84241061599
3115,399.864264259265
449,830.579310460127
7620,535.244232421875
21211,377.76063528137
15243,946.143438934139
17694,448.054438643998
3232,735.680341484949
7568,783.288234136679
18083,1047.52652906679
4519,491.666339836789
20331,869.886840489242
166,565.995300057151
6825,563.925347200346
3626,398.684212945831
2013,386.242199560878
13359,532.729223185523
15870,-1538.63835012663
9178,365.501075623208
18989,559.807858669889
7069,927.596689147301
1631,555.64547753537
21064,981.329789604197
14586,315.071294479038
16962,200.308024059867
15527,351.979240612461
2524,336.823731062702
11443,752.932804305517
14452,401.248708075533
19450,1251.17200127496
15076,627.936774835783
21102,1182.63594199642
2870,574.406408073566
7797,643.97368299467
19374,684.813019304275
16651,607.470244242362
14072,174.369804200865
4355,473.217320843969
8469,1014.68005223799
9058,743.029149277912
2332,588.203392721027
16102,814.247394879804
3689,356.301810632225
508,497.415405286527
9837,1007.38935689512
14890,931.529980945653
7250,650.628979496577
20098,1005.06774444159
14477,378.169297537705
11992,847.962260800765
511,773.134886242861
6456,1072.18720545074
5335,572.418316617503
10269,694.773169536027
20758,581.562226137767
19097,1150.34583802521
12298,1549.58426542914
3962,761.513300204625
5072,754.548826861591
440,575.699541192674
9457,494.120978622048
19153,983.486077992109
13796,117.934821232041
12591,1490.38517223825
6641,694.585857188376
6169,583.389444587157
10982,794.040158624871
12226,541.97224469717
10286,896.700652067147
2949,304.755089860705
10510,769.021465759352
5228,1031.63891778695
7124,399.119656081826
12653,632.236688655364
11014,507.839716591588
2774,529.588820409169
21352,416.224053121945
3054,687.153767775278
16621,647.230546789387
20520,1099.98887446584
1822,629.079633734482
11143,243.4849815456
9358,544.170564746693
11633,312.461348639976
14607,794.052353266086
7148,674.728690582765
13120,1057.03161093009
18135,621.548593308306
711,313.155336897097
11979,539.289887203539
6970,1312.21180508765
1381,376.088423516418
3349,1186.90641846676
21077,705.871518042482
7433,1731.97581796879
19155,502.619102994306
16690,531.988907622656
776,537.442000737201
12512,206.582321959135
5980,607.631867296679
16500,234.068236697759
17342,676.616611576163
17771,321.684807187966
19276,1481.5838879568
8149,375.311012265871
13196,2053.67048477828
6550,484.767628469702
18986,252.728317923618
21337,334.669251234236
18250,513.783558262632
15811,426.452317371247
14427,333.877328647346
18167,579.073183717606
3780,496.813181354027
18051,781.418601307059
17133,626.731434715221
18601,350.519164547877
5871,248.674723490954
14646,621.344203228025
20189,1190.81906128577
21450,841.0675914166
16240,830.948186093495
11949,987.69376208152
13602,435.859556863723
8051,986.971862693979
6994,1743.36629237374
16544,665.501370772042
17654,383.545020119385
17759,957.71142163544
14801,422.218480672629
6397,279.348404655888
2668,2005.37129545168
17832,991.204363780586
12859,651.664196506525
16267,759.500160761705
18256,1384.24810854286
5376,595.328853774763
6549,777.604806178265
9448,515.677504474092
16043,841.914598348121
8036,472.740762831806
3541,299.544193563341
10311,298.345837299702
16444,181.201235444812
14562,322.503976646935
4221,480.408673631812
3148,625.951008310601
4760,1038.47917996655
10861,678.666415093994
9585,1170.41521169465
15425,642.984644392273
12015,400.11181867607
20630,368.006210827984
6132,893.502658165061
15067,436.732743381404
15501,1030.04596164331
18968,1269.20728471677
15348,650.876399666315
5421,156.327533893525
16807,760.60521079024
18610,325.353008597425
4360,736.358149346061
18659,783.920452142814
8088,426.060337159791
5953,943.421751152608
20751,935.445513979425
9654,913.956394958649
13656,733.00845329948
8345,943.054284842778
7573,430.262178973077
13313,486.117432746586
21516,331.319970322955
18997,229.864822964946
18888,393.027413017448
8037,560.284702339876
121,314.964776188115
15372,629.022395216048
19166,841.695528574177
11537,728.479005102973
5222,428.037306729933
20001,484.836382122866
18591,415.233355658196
18362,884.007921279719
20452,1745.4475001932
512,1366.61262870434
14621,617.744448502893
6925,315.586974242283
3810,988.31241270003
20911,464.544580779668
1520,456.901126649501
21165,651.915540698641
4932,1302.90880609858
5711,531.342325891921
19688,284.437438268081
9373,524.879284691836
15626,535.257721978172
6096,911.194628092185
20634,343.787602951487
8126,225.946256359172
13733,463.978206275773
3426,786.144808045427
11813,955.640366195105
15424,601.565195929174
346,139.857869056919
7490,410.035730157913
8179,464.656503260847
10918,637.841093791325
17197,436.317692944837
13206,376.610488204733
10395,740.854152885488
4200,251.889504706318
11971,770.222053040615
16695,348.102340957046
20477,317.537823732543
5760,1516.85728245132
10777,480.160354721013
10160,526.694471745987
5985,917.497643206018
10095,370.934365775342
9603,1936.6347487355
7456,563.272881412312
5661,842.212507578473
7241,916.279024284615
9614,279.63269938769
6430,743.624155313463
9032,551.049446345053
1663,1046.375882623
20930,450.303892645826
16711,603.767651945052
4051,179.842528651972
14966,805.159846647593
8023,612.697954105235
21464,989.761419735044
14172,468.932973109357
15753,457.232935946567
21578,179.598616736023
6924,533.994311164026
13693,339.519450632542
6519,272.01999772165
6555,400.17665370361
16761,985.462579947317
16334,1011.36464493961
8774,948.096263424806
9723,838.748452958284
15114,454.146651546776
13697,1441.70603860497
1176,850.585315042841
15989,284.679215637651
19745,546.76759298691
17698,651.687625171511
17289,1084.67589917984
20752,560.005381487694
19475,231.330800964948
11782,452.432533845364
20033,1014.68835034147
10306,842.307036840416
10900,568.332388876045
2602,371.395604704878
18302,2755.55407594953
8503,170.919618820813
7632,836.017727448983
21305,266.136667362785
4809,459.34160987347
11425,420.939491404698
13521,798.710653956503
11498,1273.65479991894
13166,502.058400354328
3844,415.416198362899
8482,475.856942531032
900,1044.02024782856
10009,331.079597789741
17554,446.336145434698
15206,345.4996555341
16076,181.544736201749
18574,473.081453322511
21451,396.403195404052
7326,302.526632512927
4487,740.800476706731
16583,750.897551887637
17536,322.313925470222
20703,1342.01479491544
17764,761.627679603693
19914,317.202572877291
4207,773.207590889864
20620,1027.69159937881
6782,553.392487357143
9366,310.73990974432
3606,1156.79539343327
2727,1006.36826324169
12757,363.394195369843
21223,808.590688982508
11338,1040.67230311667
17025,666.813842241612
19375,686.822753409132
9941,568.824738849386
16432,665.775646620327
3344,1466.30189943141
11950,1557.74813235878
11031,409.207321073022
14100,1120.19428482299
1019,502.004950743395
15602,927.301476236375
20618,314.716434264391
4231,718.506269634361
5172,409.329964054814
8682,885.164068096239
17424,448.046979828419
13445,600.452984551434
18415,949.002350104789
15731,1055.50407854867
8715,709.357037456383
17524,371.158550329086
10449,908.298272883953
13214,377.062677234728
20886,797.760216212496
790,465.229971544377
1497,498.674597375282
9592,428.502668358414
8547,329.694867248716
12876,190.320016276803
3380,625.51903180092
15932,923.031627571403
13625,815.165227139609
11675,401.713003618032
3233,1172.73633993269
18563,931.307813576901
3342,645.52143429804
1120,251.752347536189
13244,451.142867763302
17246,1193.4321896616
20694,501.612421157147
21104,651.82706219336
11890,301.869003574051
12578,420.793904439769
20455,1024.38154063306
6545,1154.98311485017
3560,194.877501724523
5096,1181.09786169891
13883,519.043248860313
16367,338.277609938967
19648,364.356241367426
4009,475.052814995558
14715,525.331759407688
18844,1104.49907869844
5336,471.966449901495
12266,450.283740970486
16579,529.149342349838
5676,876.409243276185
7518,478.302100905005
18501,554.30181045123
5639,223.708086895729
14511,678.00853950903
124,943.179697878623
16010,852.034622948089
1515,712.070072109944
13851,1251.70249370792
4983,708.690780601301
13994,549.237851348382
10685,434.372565962955
13078,1156.5110602879
8332,303.389977508012
13347,731.047403789082
3918,659.528197449617
3048,703.172682799953
15629,588.937431895116
7972,453.019989391763
18963,345.68995927525
10210,844.507251382326
17352,617.878531451075
3295,605.024037999741
6485,1033.36147046112
17869,663.966124714268
13336,485.228113832861
13002,1030.70710155063
2444,2428.26867102207
3911,488.862998495564
11557,619.542687279462
11298,463.514675713532
14744,711.319015826082
8058,879.853717258965
13868,560.754112942236
6224,940.241484489192
12396,820.421306736877
17855,723.341568878938
15190,527.061745607197
16303,440.304374691752
18887,765.158665888316
3461,540.349318453527
20720,386.217587254369
13232,631.831245435563
9615,479.25590462626
17765,544.525872664258
1144,401.495981533306
15969,285.531571819638
14990,564.435974202738
20609,1099.6106494017
5531,545.722193700989
13134,980.271557375614
10255,552.271205088544
12357,477.406762932591
10027,629.234159143386
14965,501.221821642854
11984,613.740256465763
3116,1148.04078792094
19314,682.839371110404
4791,506.72943663037
18639,523.368127634638
17552,693.626735927459
5005,1024.55632074589
1027,318.942924648544
2902,595.961297027002
6274,872.577021107023
11424,1308.57587297217
12630,439.594746031485
12393,716.115141197706
20233,1766.00571402835
14271,524.731729964531
7284,526.006596224257
1475,478.034347611246
5128,499.264142530797
5764,354.189011581033
19001,713.991346905035
154,287.982065637415
5782,876.966485123517
4584,408.717618115935
6631,664.642701908509
16467,393.707883814794
12637,723.78955513866
13156,434.4918052469
19225,360.776769394192
4006,488.794611274232
196,702.732829483171
5318,385.063737479136
17926,214.730274894123
15489,1142.32271914702
16361,415.193414819304
20755,917.091024841086
4813,483.979893578798
15758,692.067909689874
2217,975.774098787778
19639,476.516165927217
735,623.83287987718
12023,744.148231259788
1846,485.094732523666
11538,622.770326529445
1478,572.706720419812
444,180.199715982827
2151,441.124298213587
17477,303.975626490528
11203,612.828813894995
1917,401.202023324439
11054,650.513519745143
13903,596.094351867728
21044,266.828466290894
10867,885.340563937371
2495,451.320538556289
13131,619.697738207831
19049,569.392695623104
10357,566.075971422247
4688,333.927369621058
20839,302.213406026718
20434,1637.01591329613
15201,757.412329610517
11240,425.596509439837
18320,425.703005666942
9933,1030.27746783543
18906,693.771163348784
5911,823.534637123982
17323,830.946560013229
1001,430.566217666098
14680,587.571744676331
19672,1071.61407037169
6939,1036.28054170374
10965,383.122842472332
17305,694.062114279417
12176,705.996241167626
13556,608.898574902963
21055,925.974166950794
13550,1154.87247497118
6451,373.46128372569
20824,956.944259034684
12606,758.241021599183
11161,566.139966816824
12244,794.293448388709
10604,450.069310255696
7043,629.052995475514
7445,752.421767409504
15486,716.273885214987
15823,829.479701355738
6044,648.676057146246
17767,1853.02713051781
14037,1144.025524137
16586,515.218583150887
8541,684.586936180873
401,964.980052252688
11060,671.071957720515
987,439.729824016817
16668,1081.21936013303
13662,1481.43363621425
20493,904.937792271579
14438,452.379426091799
6322,563.560568779976
14788,1159.54608670583
5312,531.679805376947
7052,1292.00145866745
11446,1735.70387684901
4060,406.693480090165
12341,891.876746749751
8881,479.461405571364
2615,882.161243628952
16803,904.295373967653
1142,529.127104561786
11018,1369.9071653599
18982,1093.16764883843
12557,426.848628787127
3420,348.574782958768
19550,424.872596284263
5080,504.600124469694
1159,401.458197843847
15582,645.450905040699
15742,373.381841410697
11614,556.608781014718
521,285.600578048316
11522,585.570025003353
10128,457.102111404788
11579,296.945753656712
21294,867.257448357356
15164,327.779976660933
8787,915.663747307855
570,437.894097931523
14252,542.581432517957
227,400.686668550068
17732,728.165375790808
16792,804.655955760033
17211,457.08741332904
10884,498.56598314774
3299,747.920649831452
18304,1174.05659145983
3900,338.793720330956
9489,555.553953290018
2621,533.838600327716
1225,357.61748048587
7014,809.722937709424
2593,464.896283725789
8943,1110.30599722879
18049,204.512970676521
11878,1032.94274238132
5837,245.187263189345
6403,269.692424442853
20657,469.166898488718
693,327.452535374046
6723,792.327098308104
15435,639.338234245249
15590,412.789111956924
7565,588.583788252601
11982,251.964146311888
9098,753.13276562741
7312,579.263995450713
9173,525.627854233289
4164,281.602804953573
9984,535.289926022784
1117,1119.69892998688
4421,512.623631562477
1828,592.720710055965
89,177.305121711103
9689,341.047340726366
21340,591.75889477619
1855,872.959882531827
8695,776.105423144651
21466,446.08871033541
8618,822.561498441723
16106,739.908193039284
16333,998.809749679332
19138,96.2407972860947
61,343.923725872101
14724,644.738238164754
13097,720.535364107939
8737,186.782337084765
18227,630.775434232065
9522,515.449464228448
9737,1573.79038024898
10722,488.967472855374
19546,395.073529151985
15421,912.028791247314
8691,844.916942420235
16708,517.438843155752
20480,342.640375027174
11016,923.138109632951
844,555.239810569826
7007,368.133889763099
20787,814.094213604848
14055,414.622178167789
9241,710.377988726009
14062,292.423202540643
8337,507.830547961868
19324,1361.85065487017
20055,548.166465902582
20685,1181.16399502691
16263,779.467793707527
9591,586.160267945858
1193,535.321833251105
3479,239.276859466974
10744,584.764071459487
17723,1120.91239806622
16535,1298.20292151719
2198,635.329924197947
15373,899.845689377227
2385,473.485193048191
6762,948.292719097388
15214,224.080992135271
403,588.483839480695
4912,991.072070441171
15834,570.225791496251
10613,635.622283160216
12439,769.77887973756
14746,906.484355858281
20533,347.351628033823
2355,1294.77128744698
10482,401.924531024774
14451,316.001737457712
17131,527.922623681042
8470,792.767852361552
2206,541.937454691061
15875,242.568328687015
17842,300.220702083073
15941,674.369896372115
8600,364.410808998458
17446,551.69788696298
838,836.379457769175
14,646.42389176276
12974,940.321155615574
21508,462.054044005183
3045,549.336479801936
10514,619.206757355907
7697,1178.11426525471
8260,545.344773765971
9960,467.231113234781
11020,486.671413779385
12360,476.514397178038
9301,600.396677163123
10198,203.100822422933
9822,522.962151754249
5060,574.678826876274
11759,321.614470450837
7361,847.879424532644
6075,645.735220719279
16653,420.696190692054
16244,649.926082580548
3391,765.922982527623
1813,372.325534913509
12692,692.661621891048
14464,747.387351021155
4779,1046.57757021898
946,413.606942784924
17843,372.746233184569
20282,462.784217859453
16755,877.165495858429
15171,785.166887803648
7496,1150.89126852364
13480,331.174043505091
21537,700.10877940293
707,1008.09833500047
21108,468.648823817638
5038,193.538519993313
1956,422.30618166205
12250,298.295802813199
7378,750.31633709097
5897,568.241604099742
8415,950.47574493205
20668,327.417781862346
13941,860.73529294143
10637,1339.70216819591
14414,301.152842639066
20830,2199.99303341146
16259,260.86504721296
8410,651.261114454693
7061,410.435809304273
5469,387.732435832942
7291,897.54863108181
12195,926.864948124
7774,931.552553813132
